ID, VALUE_EN, VALUE_RU, VALUE_UK
"100001","passenger","пассажир","пэсенжер"
"100002","driver","водитель","водий"
"100100","building","дом","домивка"
"100101","street","улица","вулыця"
"100102","city area","район","район"
"100103","city","город","мисто"
"100104","country","страна","краина"
"200001","Kikvidze","Киквидзе","Кыквыдзе"
"200002","Baseinaya","Бассейная","Басейна"
"200003","Lva Tolstogo","Льва Толстого","Лева Толстого"
"200004","Prospekt Pobedy","Проспект Победы","Проспект Перемоги"
"200005","","","1"
"200006","","","1-Го Травня вул. (Бортничі)"
"200007","","","1А"
"200008","","","2"
"200009","","","2А"
"200010","","","3"
"200011","","","4"
"200012","","","5"
"200013","","","6"
"200014","","","9"
"200015","","","10"
"200016","","","11"
"200017","","","12"
"200018","","","12Д"
"200019","","","13"
"200020","","","14"
"200021","","","15"
"200022","","","16"
"200023","","","18"
"200024","","","19"
"200025","","","23Б"
"200026","","","32"
"200027","","","39"
"200028","","","41"
"200029","","","44А"
"200030","","","49/51"
"200031","","","1"
"200032","","","40-Річчя Перемоги вул. (Мила С.)"
"200033","","","1"
"200034","","","50-Річчя Жовтня просп./Курбаса Леся"
"200035","","","1А"
"200036","","","1Б"
"200037","","","2/13"
"200038","","","2А"
"200039","","","2Б"
"200040","","","2В"
"200041","","","2Г"
"200042","","","2Д"
"200043","","","3"
"200044","","","3А"
"200045","","","3Б"
"200046","","","3В"
"200047","","","3Г"
"200048","","","4"
"200049","","","4А"
"200050","","","5"
"200051","","","5А"
"200052","","","5Б"
"200053","","","5В"
"200054","","","6"
"200055","","","6Г"
"200056","","","7"
"200057","","","7А"
"200058","","","7Г"
"200059","","","8"
"200060","","","8Б"
"200061","","","9"
"200062","","","9А"
"200063","","","9Б"
"200064","","","9В"
"200065","","","9Г"
"200066","","","9Д"
"200067","","","9Е"
"200068","","","9Ж"
"200069","","","10"
"200070","","","10А"
"200071","","","10Б"
"200072","","","10В"
"200073","","","10Г"
"200074","","","10Д"
"200075","","","10Е"
"200076","","","10Ж"
"200077","","","12"
"200078","","","12А"
"200079","","","12Б"
"200080","","","12В"
"200081","","","12Г"
"200082","","","12Е"
"200083","","","13"
"200084","","","13А"
"200085","","","14"
"200086","","","14А"
"200087","","","15"
"200088","","","15А"
"200089","","","16"
"200090","","","17"
"200091","","","18"
"200092","","","18А"
"200093","","","18Б"
"200094","","","18В"
"200095","","","18Г"
"200096","","","18Д"
"200097","","","19"
"200098","","","19/11"
"200099","","","52"
"200100","","","87А"
"200101","","","104"
"200102","","","1"
"200103","","","Єнісейська вул."
"200104","","","2"
"200105","","","5"
"200106","","","1"
"200107","","","Єреванська вул."
"200108","","","2"
"200109","","","3"
"200110","","","3А"
"200111","","","4"
"200112","","","5"
"200113","","","6"
"200114","","","7"
"200115","","","8"
"200116","","","8А"
"200117","","","9"
"200118","","","10"
"200119","","","10А"
"200120","","","11"
"200121","","","12"
"200122","","","12А"
"200123","","","13"
"200124","","","13/1"
"200125","","","14"
"200126","","","14А"
"200127","","","14Б"
"200128","","","14В"
"200129","","","14Г"
"200130","","","14Д"
"200131","","","15"
"200132","","","16"
"200133","","","16А"
"200134","","","17"
"200135","","","18"
"200136","","","18А"
"200137","","","19"
"200138","","","20"
"200139","","","21"
"200140","","","22"
"200141","","","23"
"200142","","","24"
"200143","","","25"
"200144","","","25/1"
"200145","","","26"
"200146","","","27"
"200147","","","27/1"
"200148","","","28"
"200149","","","28А"
"200150","","","29"
"200151","","","29/1"
"200152","","","30"
"200153","","","31/1"
"200154","","","32"
"200155","","","1"
"200156","","","Єсеніна Сергія вул."
"200157","","","2"
"200158","","","3"
"200159","","","4"
"200160","","","5"
"200161","","","6"
"200162","","","7"
"200163","","","8"
"200164","","","9"
"200165","","","10"
"200166","","","11"
"200167","","","12"
"200168","","","13"
"200169","","","14"
"200170","","","15"
"200171","","","16"
"200172","","","17"
"200173","","","18"
"200174","","","19"
"200175","","","20"
"200176","","","21"
"200177","","","22"
"200178","","","23"
"200179","","","24"
"200180","","","25"
"200181","","","26"
"200182","","","27"
"200183","","","28"
"200184","","","29"
"200185","","","30"
"200186","","","31"
"200187","","","32"
"200188","","","33"
"200189","","","34"
"200190","","","35"
"200191","","","36"
"200192","","","37"
"200193","","","38"
"200194","","","39"
"200195","","","40"
"200196","","","41"
"200197","","","42"
"200198","","","43"
"200199","","","10"
"200200","","","Іванова Андрія вул."
"200201","","","11"
"200202","","","12"
"200203","","","13"
"200204","","","14"
"200205","","","17"
"200206","","","19"
"200207","","","21"
"200208","","","23"
"200209","","","25/1"
"200210","","","29/18"
"200211","","","1"
"200212","","","Івашкевича Ярослава вул."
"200213","","","3"
"200214","","","4"
"200215","","","5"
"200216","","","6"
"200217","","","6/8А"
"200218","","","8"
"200219","","","8А"
"200220","","","10"
"200221","","","12"
"200222","","","14"
"200223","","","1"
"200224","","","Ігорівська вул."
"200225","","","1/18"
"200226","","","1/8"
"200227","","","2/6"
"200228","","","3"
"200229","","","5"
"200230","","","5А"
"200231","","","7"
"200232","","","11"
"200233","","","11/2"
"200234","","","12"
"200235","","","12А"
"200236","","","12Б"
"200237","","","13"
"200238","","","14"
"200239","","","14А"
"200240","","","16"
"200241","","","1/24"
"200242","","","Їжакевича Івана вул."
"200243","","","3"
"200244","","","4"
"200245","","","5/9"
"200246","","","7/10"
"200247","","","9"
"200248","","","10/8"
"200249","","","12"
"200250","","","14"
"200251","","","16"
"200252","","","18"
"200253","","","19"
"200254","","","20"
"200255","","","21"
"200256","","","55"
"200257","","","56"
"200258","","","56А"
"200259","","","57"
"200260","","","58"
"200261","","","59"
"200262","","","60"
"200263","","","61"
"200264","","","62"
"200265","","","63"
"200266","","","64/16"
"200267","","","65/5"
"200268","","","65А"
"200269","","","66/7"
"200270","","","67"
"200271","","","68"
"200272","","","69"
"200273","","","70"
"200274","","","71"
"200275","","","72"
"200276","","","73"
"200277","","","74"
"200278","","","75"
"200279","","","76"
"200280","","","77"
"200281","","","78"
"200282","","","80"
"200283","","","82"
"200284","","","84"
"200285","","","86"
"200286","","","88"
"200287","","","90"
"200288","","","92"
"200289","","","94"
"200290","","","1"
"200291","","","Іжевська вул."
"200292","","","1А"
"200293","","","2"
"200294","","","2А"
"200295","","","2Б"
"200296","","","3"
"200297","","","4"
"200298","","","4А"
"200299","","","5"
"200300","","","6"
"200301","","","6А"
"200302","","","7"
"200303","","","7А"
"200304","","","7Б"
"200305","","","8"
"200306","","","8А"
"200307","","","9"
"200308","","","9А"
"200309","","","10А"
"200310","","","11"
"200311","","","11А"
"200312","","","11Б"
"200313","","","12"
"200314","","","12А"
"200315","","","15"
"200316","","","15А"
"200317","","","16А"
"200318","","","16Б"
"200319","","","20А"
"200320","","","21"
"200321","","","21А"
"200322","","","22"
"200323","","","22А"
"200324","","","22Б"
"200325","","","23"
"200326","","","23А"
"200327","","","24"
"200328","","","25"
"200329","","","25А"
"200330","","","26"
"200331","","","26А"
"200332","","","27"
"200333","","","27А"
"200334","","","28"
"200335","","","1"
"200336","","","Ізюмська вул."
"200337","","","2"
"200338","","","3"
"200339","","","5"
"200340","","","5А"
"200341","","","7"
"200342","","","7А"
"200343","","","3/7"
"200344","","","Іллінська вул."
"200345","","","4"
"200346","","","4А"
"200347","","","6"
"200348","","","6/16"
"200349","","","8"
"200350","","","9"
"200351","","","10"
"200352","","","10А"
"200353","","","12"
"200354","","","14/5"
"200355","","","16"
"200356","","","18"
"200357","","","20"
"200358","","","20А"
"200359","","","22"
"200360","","","22/13"
"200361","","","3"
"200362","","","Ілліча вул."
"200363","","","4/6"
"200364","","","5"
"200365","","","6/5"
"200366","","","7"
"200367","","","7А"
"200368","","","8"
"200369","","","9"
"200370","","","10/5"
"200371","","","11"
"200372","","","12"
"200373","","","13"
"200374","","","14А"
"200375","","","15"
"200376","","","15А"
"200377","","","16"
"200378","","","17"
"200379","","","19/10"
"200380","","","20"
"200381","","","20А"
"200382","","","21"
"200383","","","22/15"
"200384","","","23"
"200385","","","25/17"
"200386","","","8"
"200387","","","Інгульський пров."
"200388","","","10"
"200389","","","11А"
"200390","","","1"
"200391","","","Індустріальний пров."
"200392","","","2"
"200393","","","3"
"200394","","","17"
"200395","","","19"
"200396","","","19А"
"200397","","","21"
"200398","","","1"
"200399","","","Інженерна вул."
"200400","","","2"
"200401","","","4"
"200402","","","Інженерний пров."
"200403","","","4А"
"200404","","","4Б"
"200405","","","1"
"200406","","","Інститутська вул."
"200407","","","2"
"200408","","","3"
"200409","","","4"
"200410","","","4А"
"200411","","","5"
"200412","","","6"
"200413","","","7"
"200414","","","8"
"200415","","","9"
"200416","","","9/9"
"200417","","","9А"
"200418","","","11"
"200419","","","11А"
"200420","","","12"
"200421","","","12А"
"200422","","","13"
"200423","","","13/4"
"200424","","","13А"
"200425","","","14"
"200426","","","14А"
"200427","","","15/5"
"200428","","","15/6"
"200429","","","16"
"200430","","","17/5"
"200431","","","18"
"200432","","","18Г"
"200433","","","19"
"200434","","","19А"
"200435","","","19Б"
"200436","","","19В"
"200437","","","20/8"
"200438","","","21/8"
"200439","","","22"
"200440","","","24/7"
"200441","","","25"
"200442","","","25А"
"200443","","","26"
"200444","","","27/6"
"200445","","","28"
"200446","","","29"
"200447","","","29/3"
"200448","","","29А"
"200449","","","1/3"
"200450","","","Ірининська вул."
"200451","","","3"
"200452","","","4"
"200453","","","5-7"
"200454","","","5/24"
"200455","","","6"
"200456","","","8-10"
"200457","","","33/2"
"200458","","","2"
"200459","","","Ірпінська вул."
"200460","","","7Б"
"200461","","","11"
"200462","","","16"
"200463","","","17"
"200464","","","62"
"200465","","","62А"
"200466","","","62Б"
"200467","","","63/5"
"200468","","","63А"
"200469","","","64"
"200470","","","65"
"200471","","","65А"
"200472","","","66"
"200473","","","67"
"200474","","","68"
"200475","","","68А"
"200476","","","69"
"200477","","","69А"
"200478","","","70"
"200479","","","71"
"200480","","","72"
"200481","","","74"
"200482","","","74А"
"200483","","","76"
"200484","","","78"
"200485","","","78А"
"200486","","","3"
"200487","","","Іртиська вул."
"200488","","","5"
"200489","","","7"
"200490","","","10"
"200491","","","12"
"200492","","","1"
"200493","","","Ірчана Мирослава вул."
"200494","","","2"
"200495","","","3"
"200496","","","4"
"200497","","","5"
"200498","","","6"
"200499","","","7"
"200500","","","8"
"200501","","","9"
"200502","","","10"
"200503","","","11"
"200504","","","1"
"200505","","","Ісаакяна вул."
"200506","","","2"
"200507","","","3"
"200508","","","17"
"200509","","","18"
"200510","","","20"
"200511","","","1"
"200512","","","Іскрівська вул."
"200513","","","2"
"200514","","","3"
"200515","","","3А"
"200516","","","4"
"200517","","","5"
"200518","","","5А"
"200519","","","6"
"200520","","","7"
"200521","","","8"
"200522","","","9"
"200523","","","10"
"200524","","","11"
"200525","","","12"
"200526","","","14"
"200527","","","16"
"200528","","","18"
"200529","","","20"
"200530","","","22"
"200531","","","24"
"200532","","","1/5"
"200533","","","Аїстова вул."
"200534","","","3"
"200535","","","5"
"200536","","","19"
"200537","Aviatorov","Авиаторов","Авіаторів вул. (Петр.Борщагівка)"
"200538","1","1","1"
"200539","Avdeyenka Generala","Авдеенка Генерала","Авдєєнка Генерала вул."
"200540","2","2","2"
"200541","3","3","3"
"200542","4","4","4"
"200543","6","6","6"
"200544","8","8","8"
"200545","10","10","10"
"200546","12","12","12"
"200547","2","2","2"
"200548","Avtozavodska","Автозаводская","Автозаводська вул."
"200549","2A","2А","2А"
"200550","4","4","4"
"200551","5","5","5"
"200552","5","5А","5А"
"200553","7","7","7"
"200554","7A","7А","7А"
"200555","7B","7Б","7Б"
"200556","9A","9А","9А"
"200557","11","11","11"
"200558","13A","13А","13А"
"200559","15A","15А","15А"
"200560","17","17","17"
"200561","17A","17А","17А"
"200562","18","18","18"
"200563","18A","18А","18А"
"200564","19","19","19"
"200565","21","21","21"
"200566","21A","21А","21А"
"200567","24","24","24"
"200568","24/1","24/1","24/1"
"200569","24/2","24/2","24/2"
"200570","25","25","25"
"200571","25A","25А","25А"
"200572","25B","25Б","25Б"
"200573","25V","25В","25В"
"200574","27","27","27"
"200575","27A","27А","27А"
"200576","27B","27Б","27Б"
"200577","27V","27В","27В"
"200578","28","28","28"
"200579","29","29","29"
"200580","29A","29А","29А"
"200581","","39","39"
"200582","","41","41"
"200583","","","41/4"
"200584","","","43"
"200585","","","47"
"200586","","","48"
"200587","","","50"
"200588","","","54"
"200589","","","54/19"
"200590","","","61"
"200591","","","63"
"200592","","","65А"
"200593","","","67"
"200594","","","68"
"200595","","","69"
"200596","","","71"
"200597","","","71А"
"200598","","","72"
"200599","","","72А"
"200600","","","73"
"200601","","","74"
"200602","","","76"
"200603","","","77"
"200604","","","78"
"200605","","","78Г"
"200606","","","79"
"200607","","","81"
"200608","","","83"
"200609","","","85"
"200610","","","87"
"200611","","","87А"
"200612","","","89"
"200613","","","89/91"
"200614","","","89А"
"200615","","","93"
"200616","","","97/5"
"200617","","","97А"
"200618","","","99/4"
"200619","","","99/4А"
"200620","","","5"
"200621","Avtoparkovaya","Автопарковая","Автопаркова вул."
"200622","","","7"
"200623","","","7А"
"200624","","","7Б"
"200625","","","1"
"200626","Avtotransportnaya","Автотранспортная","Автотранспортна вул."
"200627","","","1У"
"200628","","","4"
"200629","","","6"
"200630","","","2/49"
"200631","Agitatorskaya","Агитаторская","Агітаторська вул."
"200632","","","4"
"200633","","","2"
"200634","Agragatnaya","Агрегатная","Агрегатна вул."
"200635","","","9"
"200636","","","11"
"200637","","","Аеродромна вул."
"200638","","","12"
"200639","","","12А"
"200640","","","13"
"200641","","","14"
"200642","","","2"
"200643","","","Азербайджанська вул."
"200644","","","4"
"200645","","","6"
"200646","","","8"
"200647","","","8А"
"200648","","","8Б"
"200649","","","16/1"
"200650","","","16/2"
"200651","","","16/3"
"200652","","","16/4"
"200653","","","20"
"200654","","","23"
"200655","","","25"
"200656","","","28"
"200657","","","28А"
"200658","","","28Б"
"200659","","","30"
"200660","","","30А"
"200661","","","32"
"200662","","","1/32"
"200663","","","Азовська вул."
"200664","","","2/30"
"200665","","","3"
"200666","","","5"
"200667","","","6"
"200668","","","7"
"200669","","","8"
"200670","","","9"
"200671","","","10"
"200672","","","11"
"200673","","","12"
"200674","","","13"
"200675","","","14"
"200676","","","16"
"200677","","","18"
"200678","","","20"
"200679","","","22"
"200680","","","5"
"200681","","","Айвазовського пров."
"200682","","","1/18"
"200683","","","Алексухіна Василя вул."
"200684","","","2/22"
"200685","","","3"
"200686","","","4"
"200687","","","5"
"200688","","","6"
"200689","","","7"
"200690","","","8"
"200691","","","9"
"200692","","","10"
"200693","","","11"
"200694","","","12"
"200695","","","13"
"200696","","","14/17"
"200697","","","15"
"200698","","","16"
"200699","","","17"
"200700","","","18"
"200701","","","19"
"200702","","","20"
"200703","","","21"
"200704","","","22"
"200705","","","23"
"200706","","","24"
"200707","","","25"
"200708","","","27"
"200709","","","29/24"
"200710","","","31"
"200711","","","33"
"200712","","","35"
"200713","","","35А"
"200714","","","37"
"200715","","","39"
"200716","","","41/19"
"200717","","","43/30"
"200718","","","45"
"200719","","","47"
"200720","","","49"
"200721","","","51"
"200722","","","2"
"200723","","","Алма-Атинська вул."
"200724","","","2/1"
"200725","","","4"
"200726","","","4А"
"200727","","","6"
"200728","","","7"
"200729","","","8"
"200730","","","9"
"200731","","","10"
"200732","","","11"
"200733","","","12"
"200734","","","12А"
"200735","","","13"
"200736","","","14"
"200737","","","14А"
"200738","","","17"
"200739","","","18"
"200740","","","19"
"200741","","","20"
"200742","","","21"
"200743","","","22"
"200744","","","22А"
"200745","","","23"
"200746","","","24"
"200747","","","25"
"200748","","","26"
"200749","","","27"
"200750","","","28"
"200751","","","29"
"200752","","","30"
"200753","","","31"
"200754","","","32"
"200755","","","33"
"200756","","","34"
"200757","","","35"
"200758","","","35А"
"200759","","","36"
"200760","","","36А"
"200761","","","37"
"200762","","","38"
"200763","","","38А"
"200764","","","39"
"200765","","","39А"
"200766","","","39Б"
"200767","","","39В"
"200768","","","39Г"
"200769","","","39Д"
"200770","","","39Е"
"200771","","","40"
"200772","","","41А"
"200773","","","41Б"
"200774","","","42"
"200775","","","43/57"
"200776","","","44"
"200777","","","46"
"200778","","","48"
"200779","","","50"
"200780","","","52"
"200781","","","52А"
"200782","","","54"
"200783","","","55"
"200784","","","55А"
"200785","","","56"
"200786","","","57"
"200787","","","58"
"200788","","","59"
"200789","","","60"
"200790","","","61"
"200791","","","61А"
"200792","","","62"
"200793","","","63"
"200794","","","64"
"200795","","","65"
"200796","","","66"
"200797","","","66А"
"200798","","","67"
"200799","","","68"
"200800","","","68А"
"200801","","","69"
"200802","","","70"
"200803","","","71"
"200804","","","72"
"200805","","","73"
"200806","","","74"
"200807","","","75"
"200808","","","77"
"200809","","","79"
"200810","","","81"
"200811","","","83"
"200812","","","85"
"200813","","","87/1"
"200814","","","89"
"200815","","","89А"
"200816","","","89Б"
"200817","","","91"
"200818","","","93"
"200819","","","95"
"200820","","","97/1"
"200821","","","99/2"
"200822","","","101"
"200823","","","101А"
"200824","","","101Б"
"200825","","","103/1"
"200826","","","107/2"
"200827","","","109"
"200828","","","109А"
"200829","","","111"
"200830","","","111А"
"200831","","","113"
"200832","","","115"
"200833","","","БМ1"
"200834","","","3"
"200835","","","Аляб'Єва вул."
"200836","","","15"
"200837","","","1"
"200838","","","Амосова Миколи вул."
"200839","","","2"
"200840","","","4"
"200841","","","5"
"200842","","","6"
"200843","","","7"
"200844","","","7А"
"200845","","","8"
"200846","","","9"
"200847","","","10"
"200848","","","11"
"200849","","","13"
"200850","","","2"
"200851","","","Амурська вул."
"200852","","","4"
"200853","","","6"
"200854","","","8"
"200855","","","2/34"
"200856","","","Амурська пл."
"200857","","","1/1"
"200858","","","Андріївська вул."
"200859","","","2"
"200860","","","2/12"
"200861","","","4"
"200862","","","6/14"
"200863","","","7"
"200864","","","8/12"
"200865","","","9"
"200866","","","9А"
"200867","","","12"
"200868","","","15"
"200869","","","17"
"200870","","","19"
"200871","","","1"
"200872","","","Андріївський узвіз"
"200873","","","2А"
"200874","","","2Б"
"200875","","","2В"
"200876","","","2Г"
"200877","","","2Д"
"200878","","","3"
"200879","","","3А"
"200880","","","4"
"200881","","","5/31"
"200882","","","6"
"200883","","","7А"
"200884","","","8"
"200885","","","9"
"200886","","","10"
"200887","","","10/2"
"200888","","","10А"
"200889","","","10Б"
"200890","","","11"
"200891","","","13"
"200892","","","13А"
"200893","","","13Б"
"200894","","","13В"
"200895","","","15"
"200896","","","16"
"200897","","","17"
"200898","","","18"
"200899","","","19"
"200900","","","20Б"
"200901","","","21"
"200902","","","22"
"200903","","","22А"
"200904","","","22Б"
"200905","","","23"
"200906","","","24"
"200907","","","28А"
"200908","","","28Б"
"200909","","","30"
"200910","","","30А"
"200911","","","32"
"200912","","","34"
"200913","","","34А"
"200914","","","34Б"
"200915","","","34В"
"200916","","","36"
"200917","","","38"
"200918","","","П1"
"200919","","","4"
"200920","","","Андрющенка Григорія вул."
"200921","","","4А"
"200922","","","4Б"
"200923","","","4Д"
"200924","","","6"
"200925","","","6В"
"200926","","","7/19"
"200927","","","1/3"
"200928","","","Анищенка вул."
"200929","","","2"
"200930","","","3"
"200931","","","3Б"
"200932","","","3В"
"200933","","","4"
"200934","","","5"
"200935","","","6"
"200936","","","7"
"200937","","","8"
"200938","","","8/15"
"200939","","","9"
"200940","","","10"
"200941","","","12"
"200942","","","14"
"200943","","","17"
"200944","","","2/32"
"200945","","","Антонова Авіаконструктора вул."
"200946","","","3"
"200947","","","4"
"200948","","","4/1"
"200949","4A","4А","4А"
"200950","","","5"
"200951","","","5Б"
"200952","","","7"
"200953","","","8"
"200954","","","9"
"200955","","","10"
"200956","","","11"
"200957","","","12"
"200958","","","12А"
"200959","","","13"
"200960","","","14"
"200961","","","15"
"200962","","","15А"
"200963","","","16"
"200964","","","17"
"200965","","","18"
"200966","","","20"
"200967","","","35"
"200968","","","37"
"200969","","","39"
"200970","","","41"
"200971","","","43"
"200972","","","45"
"200973","","","47"
"200974","","","91/14"
"200975","","","2"
"200976","","","Антонова вул. (Петр.Борщагівка)"
"200977","","","5"
"200978","","","БМ1"
"200979","","","7"
"200980","","","Антонова-Овсієнка вул."
"200981","","","9"
"200982","","","21"
"200983","","","25"
"200984","","","27"
"200985","","","29"
"200986","","","31"
"200987","","","33"
"200988","","","41"
"200989","","","1"
"200990","","","Ареф'Єва Костянтина вул."
"200991","","","2"
"200992","","","4"
"200993","","","4А"
"200994","","","4Б"
"200995","","","6"
"200996","","","7"
"200997","","","7А"
"200998","","","8"
"200999","","","8А"
"201000","","","9"
"201001","","","10"
"201002","","","11"
"201003","","","11А"
"201004","","","12"
"201005","","","13"
"201006","","","14"
"201007","","","14А"
"201008","","","15"
"201009","","","16"
"201010","","","16А"
"201011","","","17"
"201012","","","18"
"201013","","","18А"
"201014","","","18Б"
"201015","","","19"
"201016","","","19А"
"201017","","","20"
"201018","","","20А"
"201019","","","20Б"
"201020","","","21"
"201021","","","22"
"201022","","","24"
"201023","","","25"
"201024","","","25А"
"201025","","","26"
"201026","","","27А"
"201027","","","28"
"201028","","","28А"
"201029","","","29"
"201030","","","29А"
"201031","","","30"
"201032","","","31"
"201033","","","31Б"
"201034","","","32"
"201035","","","34"
"201036","","","35"
"201037","","","36"
"201038","","","38"
"201039","","","39"
"201040","","","40"
"201041","","","41"
"201042","","","42А"
"201043","","","44"
"201044","","","2/18"
"201045","","","Армійська вул."
"201046","","","3"
"201047","","","4"
"201048","","","5"
"201049","","","5А"
"201050","","","6"
"201051","","","7"
"201052","","","8"
"201053","","","9"
"201054","","","10"
"201055","","","11"
"201056","","","12"
"201057","","","13"
"201058","","","14"
"201059","","","15"
"201060","","","18"
"201061","","","20"
"201062","","","22"
"201063","","","24"
"201064","","","26"
"201065","","","1/14"
"201066","","","Арсенальна вул."
"201067","","","1Б"
"201068","","","3"
"201069","","","5"
"201070","","","6"
"201071","","","9-11"
"201072","","","15"
"201073","","","17"
"201074","","","18"
"201075","","","20"
"201076","","","1"
"201077","","","Арсенальна пл."
"201078","","","1Б"
"201079","","","П1"
"201080","","","5"
"201081","","","Арсенальний пров."
"201082","","","3"
"201083","","","Артезіанський пров."
"201084","","","3А"
"201085","","","5"
"201086","","","5А"
"201087","","","6"
"201088","","","6А"
"201089","","","7"
"201090","","","7А"
"201091","","","8"
"201092","","","9"
"201093","","","11"
"201094","","","13"
"201095","","","19"
"201096","","","Артема вул. (Коцюбинське)"
"201097","","","21"
"201098","","","23"
"201099","","","25"
"201100","","","27"
"201101","","","29"
"201102","","","31"
"201103","","","33"
"201104","","","1-5"
"201105","","","Артема вул. / Січових Стрільців вул."
"201106","","","1А"
"201107","","","5"
"201108","","","5А"
"201109","","","5Б"
"201110","","","5В"
"201111","","","5Г"
"201112","","","7"
"201113","","","7/9"
"201114","","","9В"
"201115","","","10"
"201116","","","10Б"
"201117","","","11"
"201118","","","11А"
"201119","","","12"
"201120","","","12А"
"201121","","","13"
"201122","","","14"
"201123","","","14А"
"201124","","","15"
"201125","","","17"
"201126","","","18"
"201127","","","20"
"201128","","","21"
"201129","","","22"
"201130","","","23"
"201131","","","24"
"201132","","","24А"
"201133","","","24Б"
"201134","","","25"
"201135","","","25А"
"201136","","","26"
"201137","","","26А"
"201138","","","26Б"
"201139","","","26В"
"201140","","","27"
"201141","","","28"
"201142","","","28А"
"201143","","","30"
"201144","","","30А"
"201145","","","30Б"
"201146","","","31"
"201147","","","32-38"
"201148","","","33А"
"201149","","","33Б"
"201150","","","35"
"201151","","","37"
"201152","","","37-41"
"201153","","","37/41"
"201154","","","40"
"201155","","","40А"
"201156","","","42"
"201157","","","43"
"201158","","","44"
"201159","","","45"
"201160","","","45А"
"201161","","","46"
"201162","","","46А"
"201163","","","47"
"201164","","","47А"
"201165","","","48"
"201166","","","49"
"201167","","","50"
"201168","","","51/50"
"201169","","","52"
"201170","","","52А"
"201171","","","52Д"
"201172","","","53"
"201173","","","54"
"201174","","","55"
"201175","","","55А"
"201176","","","55Б"
"201177","","","55В"
"201178","","","57"
"201179","","","58/2"
"201180","","","58/2А"
"201181","","","58/2Б"
"201182","","","58/2В"
"201183","","","58/2Г"
"201184","","","58/2Д"
"201185","","","59"
"201186","","","59/65"
"201187","","","59А"
"201188","","","60"
"201189","","","66"
"201190","","","68"
"201191","","","70"
"201192","","","72"
"201193","","","72А"
"201194","","","73"
"201195","","","74"
"201196","","","75"
"201197","","","76"
"201198","","","77"
"201199","","","79"
"201200","","","81"
"201201","","","82"
"201202","","","84"
"201203","","","87"
"201204","","","89"
"201205","","","91"
"201206","","","93"
"201207","","","103"
"201208","","","103А"
"201209","","","1"
"201210","","","Артилерійський пров."
"201211","","","1А"
"201212","","","3"
"201213","","","5"
"201214","","","5А"
"201215","","","5Б"
"201216","","","5В"
"201217","","","7/9"
"201218","","","7А"
"201219","","","9"
"201220","","","9А"
"201221","","","11"
"201222","","","13"
"201223","","","4"
"201224","","","Архітекторська вул."
"201225","","","5"
"201226","","","7"
"201227","","","8"
"201228","","","9"
"201229","","","10"
"201230","","","11"
"201231","","","11А"
"201232","","","11Б"
"201233","","","12А"
"201234","","","13"
"201235","","","17/26"
"201236","","","3А"
"201237","","","Аскольдів пров."
"201238","","","5"
"201239","","","5А"
"201240","","","3"
"201241","","","Астраханська вул."
"201242","","","5"
"201243","","","19"
"201244","","","21"
"201245","","","23"
"201246","","","25"
"201247","","","2/4"
"201248","","","Астраханський пров."
"201249","","","1"
"201250","","","Астрономічна вул."
"201251","","","2"
"201252","","","3"
"201253","","","4"
"201254","","","5"
"201255","","","6"
"201256","","","8"
"201257","","","9"
"201258","","","10"
"201259","","","11"
"201260","","","12"
"201261","","","13"
"201262","","","14"
"201263","","","15"
"201264","","","16"
"201265","","","17"
"201266","","","18"
"201267","","","19"
"201268","","","20"
"201269","","","2А"
"201270","","","Ахматової Анни вул."
"201271","","","2Б"
"201272","","","3"
"201273","","","3А"
"201274","","","4"
"201275","","","5"
"201276","","","5А"
"201277","","","5Б"
"201278","","","6"
"201279","","","7/15"
"201280","","","8"
"201281","","","9/18"
"201282","","","9/18А"
"201283","","","11"
"201284","","","11А"
"201285","","","13"
"201286","","","13А"
"201287","","","13Б"
"201288","","","13В"
"201289","","","13Г"
"201290","","","13Д"
"201291","","","14"
"201292","","","14А"
"201293","","","14Б"
"201294","","","14В"
"201295","","","15"
"201296","","","16А"
"201297","","","16Б"
"201298","","","16В"
"201299","","","16Г"
"201300","","","17"
"201301","","","18"
"201302","","","19"
"201303","","","21"
"201304","","","23"
"201305","","","25"
"201306","","","31"
"201307","","","33"
"201308","","","35"
"201309","","","35А"
"201310","","","35Б"
"201311","","","37"
"201312","","","39А"
"201313","","","39Б"
"201314","","","41"
"201315","","","43"
"201316","","","44"
"201317","","","45"
"201318","","","46"
"201319","","","46А"
"201320","","","47"
"201321","","","48"
"201322","","","48А"
"201323","","","50"
"201324","","","1"
"201325","","","Бєлінського Чеслава пров."
"201326","","","3"
"201327","","","5"
"201328","","","5А"
"201329","","","6"
"201330","","","8"
"201331","","","10"
"201332","","","7"
"201333","","","Бігова вул."
"201334","","","4"
"201335","","","Білгородська вул."
"201336","","","6"
"201337","","","8"
"201338","","","9"
"201339","","","10"
"201340","","","12"
"201341","","","14"
"201342","","","134"
"201343","","","2А"
"201344","","","Білецького Академіка вул."
"201345","","","3"
"201346","","","4"
"201347","","","5"
"201348","","","5А"
"201349","","","5Б"
"201350","","","5В"
"201351","","","6"
"201352","","","7"
"201353","","","8"
"201354","","","9"
"201355","","","9А"
"201356","","","9Б"
"201357","","","9В"
"201358","","","10"
"201359","","","11"
"201360","","","12"
"201361","","","12А"
"201362","","","14"
"201363","","","16"
"201364","","","16А"
"201365","","","18"
"201366","","","20"
"201367","","","27"
"201368","","","30"
"201369","","","34"
"201370","","","38"
"201371","","","7Б"
"201372","","","Білицька вул."
"201373","","","8"
"201374","","","8А"
"201375","","","8Б"
"201376","","","10"
"201377","","","11А"
"201378","","","12"
"201379","","","13А"
"201380","","","14"
"201381","","","14А"
"201382","","","15"
"201383","","","15А"
"201384","","","16"
"201385","","","16А"
"201386","","","17"
"201387","","","18"
"201388","","","18А"
"201389","","","18Б"
"201390","","","19"
"201391","","","19А"
"201392","","","20"
"201393","","","21"
"201394","","","23"
"201395","","","24-22"
"201396","","","25"
"201397","","","27"
"201398","","","28"
"201399","","","29"
"201400","","","30"
"201401","","","31"
"201402","","","32"
"201403","","","33"
"201404","","","34"
"201405","","","35"
"201406","","","36"
"201407","","","37"
"201408","","","38"
"201409","","","38А"
"201410","","","38Б"
"201411","","","39/1"
"201412","","","40"
"201413","","","40А"
"201414","","","41/43"
"201415","","","42"
"201416","","","45"
"201417","","","47"
"201418","","","49"
"201419","","","50А"
"201420","","","51"
"201421","","","52"
"201422","","","53/7"
"201423","","","54"
"201424","","","54А"
"201425","","","55"
"201426","","","56/1"
"201427","","","56А"
"201428","","","57"
"201429","","","58/2"
"201430","","","59"
"201431","","","60/1"
"201432","","","61"
"201433","","","62"
"201434","","","64/2"
"201435","","","66"
"201436","","","68"
"201437","","","70"
"201438","","","72"
"201439","","","72/8"
"201440","","","72А"
"201441","","","72Б"
"201442","","","72Г"
"201443","","","74"
"201444","","","74А"
"201445","","","76"
"201446","","","76А"
"201447","","","78"
"201448","","","80"
"201449","","","82"
"201450","","","84"
"201451","","","86"
"201452","","","88"
"201453","","","90"
"201454","","","90А"
"201455","","","92А"
"201456","","","92Б"
"201457","","","94"
"201458","","","98/2"
"201459","","","100"
"201460","","","100А"
"201461","","","102"
"201462","","","104"
"201463","","","106"
"201464","","","3"
"201465","","","Білицький пров."
"201466","","","8"
"201467","","","10"
"201468","","","1"
"201469","","","Біличанська вул."
"201470","","","3"
"201471","","","5"
"201472","","","24А"
"201473","","","26"
"201474","","","33"
"201475","","","35"
"201476","","","1"
"201477","","","Білокур Катерини вул."
"201478","","","2/8"
"201479","","","3"
"201480","","","4"
"201481","","","5/17"
"201482","","","6"
"201483","","","7/18"
"201484","","","8"
"201485","","","10"
"201486","","","1"
"201487","","","Біломорська вул."
"201488","","","5"
"201489","","","1"
"201490","","","Білоруська вул."
"201491","","","2"
"201492","","","2А"
"201493","","","3"
"201494","","","5"
"201495","","","7/9"
"201496","","","8"
"201497","","","9А"
"201498","","","10/18"
"201499","","","11"
"201500","","","11Б"
"201501","","","13"
"201502","","","15"
"201503","","","15А"
"201504","","","15Б"
"201505","","","17"
"201506","","","17А"
"201507","","","17Б"
"201508","","","17В"
"201509","","","21"
"201510","","","22"
"201511","","","23"
"201512","","","23А"
"201513","","","24"
"201514","","","26"
"201515","","","28"
"201516","","","28А"
"201517","","","30"
"201518","","","30А"
"201519","","","30Д"
"201520","","","32"
"201521","","","34"
"201522","","","36"
"201523","","","36А"
"201524","","","36Б"
"201525","","","38"
"201526","","","40/15"
"201527","","","44"
"201528","","","1"
"201529","","","Бірюзова Маршала вул."
"201530","","","2А"
"201531","","","3"
"201532","","","4"
"201533","","","5"
"201534","","","6"
"201535","","","7"
"201536","","","8"
"201537","","","9"
"201538","","","10"
"201539","","","12"
"201540","","","13"
"201541","","","14"
"201542","","","15"
"201543","","","16"
"201544","","","17"
"201545","","","18"
"201546","","","19"
"201547","","","20"
"201548","","","21"
"201549","","","22"
"201550","","","23"
"201551","","","25"
"201552","","","26А"
"201553","","","27"
"201554","","","2/4"
"201555","","","Бабушкіна вул."
"201556","","","3"
"201557","","","4"
"201558","","","5"
"201559","","","6"
"201560","","","7"
"201561","","","8"
"201562","","","9"
"201563","","","9А"
"201564","","","11/9"
"201565","","","14"
"201566","","","15"
"201567","","","15А"
"201568","","","16"
"201569","","","17"
"201570","","","21/2"
"201571","","","23"
"201572","","","23А"
"201573","","","24"
"201574","","","25"
"201575","","","25А"
"201576","","","26"
"201577","","","27"
"201578","","","27/3"
"201579","","","28"
"201580","","","29"
"201581","","","29А"
"201582","","","30"
"201583","","","3"
"201584","","","Бабушкіна пров."
"201585","","","1"
"201586","","","Багговутівська вул."
"201587","","","1А"
"201588","","","1Б"
"201589","","","2"
"201590","","","3/15"
"201591","","","4"
"201592","","","8/10"
"201593","","","9"
"201594","","","9Б"
"201595","","","12"
"201596","","","14"
"201597","","","16-18"
"201598","","","17/21"
"201599","","","18"
"201600","","","26"
"201601","","","27"
"201602","","","28"
"201603","","","29-31"
"201604","","","30"
"201605","","","32"
"201606","","","34"
"201607","","","36"
"201608","","","37/8"
"201609","","","38"
"201610","","","38А"
"201611","","","40"
"201612","","","42"
"201613","","","1Д"
"201614","","","Бажана Миколи просп."
"201615","","","1К"
"201616","","","1М"
"201617","","","2"
"201618","","","3"
"201619","","","3А"
"201620","","","4"
"201621","","","5"
"201622","","","5А"
"201623","","","5Б"
"201624","","","5В"
"201625","","","5Г"
"201626","","","5Е"
"201627","","","6"
"201628","","","6Б"
"201629","","","7"
"201630","","","7А"
"201631","","","7Б"
"201632","","","7В"
"201633","","","7Г"
"201634","","","7Д"
"201635","","","7Е"
"201636","","","7Ж"
"201637","","","7И"
"201638","","","9"
"201639","","","9А"
"201640","","","9Б"
"201641","","","9В"
"201642","","","9Г"
"201643","","","9Д"
"201644","","","9Е"
"201645","","","9Ж"
"201646","","","9З"
"201647","","","10"
"201648","","","10А"
"201649","","","11/8"
"201650","","","12"
"201651","","","12А"
"201652","","","14"
"201653","","","14А"
"201654","","","16"
"201655","","","16А"
"201656","","","19"
"201657","","","21/1"
"201658","","","24/1"
"201659","","","26"
"201660","","","28"
"201661","","","28А"
"201662","","","28В"
"201663","","","30"
"201664","","","32"
"201665","","","32А"
"201666","","","34"
"201667","","","36"
"201668","","","36А"
"201669","","","42Б"
"201670","","","44"
"201671","","","О6-БМ10"
"201672","","","О6-БМ6"
"201673","","","О6-БМ7"
"201674","","","О6-БМ8"
"201675","","","О6-БМ9"
"201676","","","1"
"201677","","","Бажова вул."
"201678","","","2"
"201679","","","3"
"201680","","","4"
"201681","","","5"
"201682","","","6"
"201683","","","6А"
"201684","","","7/21"
"201685","","","8"
"201686","","","9"
"201687","","","9А"
"201688","","","10"
"201689","","","11/8"
"201690","","","12"
"201691","","","13/9"
"201692","","","15/20"
"201693","","","3"
"201694","","","Байкальська вул."
"201695","","","4"
"201696","","","5"
"201697","","","7"
"201698","","","9"
"201699","","","10"
"201700","","","12"
"201701","","","13"
"201702","","","14"
"201703","","","18"
"201704","","","20"
"201705","","","2"
"201706","","","Байкова вул."
"201707","","","4"
"201708","","","6"
"201709","","","7"
"201710","","","16"
"201711","","","1"
"201712","","","Бакала вул. (Коцюбинське)"
"201713","","","9"
"201714","","","11"
"201715","","","37"
"201716","","","44"
"201717","","","46"
"201718","","","48"
"201719","","","50"
"201720","","","52"
"201721","","","1/8"
"201722","","","Бакинська вул."
"201723","","","2"
"201724","","","2А"
"201725","","","5/2"
"201726","","","7"
"201727","","","9"
"201728","","","9/10"
"201729","","","11"
"201730","","","12"
"201731","","","13"
"201732","","","15"
"201733","","","17/11"
"201734","","","19/6"
"201735","","","21"
"201736","","","21А"
"201737","","","22"
"201738","","","23"
"201739","","","24"
"201740","","","25"
"201741","","","26"
"201742","","","27"
"201743","","","28"
"201744","","","29"
"201745","","","30"
"201746","","","32"
"201747","","","34"
"201748","","","35"
"201749","","","35А"
"201750","","","37"
"201751","","","37/41"
"201752","","","37А"
"201753","","","37Б"
"201754","","","37В"
"201755","","","37Г"
"201756","","","41А"
"201757","","","3"
"201758","","","Бакинський пров."
"201759","","","5"
"201760","","","7"
"201761","","","9"
"201762","","","10"
"201763","","","Бакинських Комісарів пров."
"201764","","","10А"
"201765","","","3"
"201766","","","Бакуніна вул."
